president,nationalism,legislation,2,3,4,peace,6,war,military,war and economics,10,international diplomacy,12,13,14,15,16,provision,18,19,20,21,22,basic needs,24
William-McKinley-1900,0.011037766,0.027161563,0.097933124,0.023157667,0.03343794,0.011362407,0.014933449,0.004490856,0.07932042,0.00091981387,0.018288064,0,0.017909317,0,0.0014067742,0.047668001,0.030407965,0,0.015474516,0,0,0.00021642679,0.049561736,0.0016773077,0.036251488
Theodore-Roosevelt-1901,0.028526971,0.033973029,0.010217842,0.017634855,0.031431535,0.028060166,0.05876556,0.0041493776,0.055653527,0,0.012914938,0.0002593361,0.058143154,0,0,0.012759336,0.034024896,0,0.060114108,0.0046161826,0,0.0023858921,0.019813278,0.0039937759,0.020539419
Theodore-Roosevelt-1902,0.032484544,0.039505397,0.014146495,0.018547627,0.029550456,0.021167348,0.065283454,0,0.062978099,0,0.017604527,0,0.045163995,0.00010478885,0,0.022634392,0.037828775,0,0.058472179,0,0,0.0004191554,0.01645185,0.00010478885,0.013936917
Theodore-Roosevelt-1903,0.015997793,0.028892567,0.068473314,0.0097917529,0.035098607,0.013722245,0.035995035,0,0.087298304,0.0013791201,0.0094469728,0,0.043787064,0.00068956006,0,0.041994208,0.027996138,0,0.035857123,0.00041373604,0,0,0.035719211,0,0.018962902
Theodore-Roosevelt-1904,0.02206614,0.039742464,0.010477027,0.015569213,0.034357624,0.021188177,0.062101258,0,0.060520925,0,0.01404741,0,0.048990342,0,0,0.021539362,0.033011414,0,0.054609306,0.0033362599,0.00076090138,0.0050921861,0.030962833,0.0088381621,0.017149546
Theodore-Roosevelt-1905,0.026521188,0.043602632,0.016305014,0.013730538,0.031343223,0.022475583,0.068570962,0,0.058886028,0,0.012831515,0.000040864697,0.049364554,0,0,0.025090924,0.039352703,0,0.054145724,0.0039230109,0,0.0013076703,0.017980467,0.0044951167,0.012831515
Theodore-Roosevelt-1906,0.031133304,0.061137647,0.014502822,0.0066869301,0.038645245,0.023100304,0.07273122,0.003690838,0.042205818,0,0.0049066435,0,0.059791576,0,0,0.016413374,0.039166305,0,0.037082067,0.0075553626,0.0042553191,0.00095527573,0.023056882,0.0037776813,0.014459401
Theodore-Roosevelt-1907,0.024718175,0.057600839,0.010561402,0.019587281,0.034605445,0.01954983,0.076813602,0,0.059698139,0.00089884274,0.0065166099,0.00048687315,0.034830156,0.00037451781,0,0.031010075,0.041084604,0.00044942137,0.029174937,0.003932437,0.000074903562,0,0.030148684,0.0042320512,0.017265271
Theodore-Roosevelt-1908,0.026979937,0.050052798,0.0062302006,0.014202746,0.040179514,0.023178458,0.095564942,0.0026399155,0.048838437,0.00042238648,0.0088701162,0.0013199578,0.040760296,0,0,0.024128828,0.036378036,0.00005279831,0.034266103,0.0044350581,0.0019535375,0.0013199578,0.021858501,0.0051742344,0.014149947
William-Howard-Taft-1909,0.0037898491,0.030467415,0.051200119,0.029947239,0.02422531,0.010254886,0.010477818,0.000074310768,0.092071041,0.0011146615,0.024448243,0,0.018652003,0,0,0.095043472,0.025711526,0,0.0063164152,0.0015605261,0,0,0.055733076,0,0.025562904
William-Howard-Taft-1910,0.010893328,0.022276668,0.029626838,0.026234452,0.023181304,0.007010931,0.025103656,0,0.096871466,0.0023746702,0.024048247,0,0.018130418,0,0.000037693178,0.10569167,0.021070486,0,0.0087448172,0,0,0,0.06215605,0.0021108179,0.023068225
William-Howard-Taft-1911,0.0096926301,0.032396088,0.071777855,0.02379497,0.024799162,0.01493189,0.018686692,0,0.091861684,0,0.020651415,0.00091687042,0.014407964,0.00026196298,0.000043660496,0.085836535,0.027724415,0.00017464198,0.0098672721,0.00061124694,0,0,0.045232274,0,0.018948655
William-Howard-Taft-1912,0.012029396,0.028410724,0.051935788,0.02438724,0.040481176,0.016217104,0.020363756,0.0023401897,0.073859671,0,0.029026563,0.00012316788,0.012973683,0,0,0.083589933,0.029847682,0,0.01005871,0.0015190705,0.00016422384,0.0023401897,0.049677711,0.0033255327,0.02266289
Woodrow-Wilson-1913,0.045755396,0.0097841727,0.02705036,0.018992806,0.032230216,0.068489209,0.023884892,0.00086330935,0.021007194,0.00086330935,0.022733813,0.0089208633,0.031942446,0,0,0.027625899,0.049496403,0,0.030791367,0.00028776978,0,0,0.01294964,0,0.039136691
Woodrow-Wilson-1914,0.063753098,0.012615454,0.010813246,0.006082451,0.019599009,0.077269655,0.028159495,0.0087857626,0.020274837,0.00067582789,0.010137418,0,0.014868214,0,0,0.011939626,0.053615679,0.0038296914,0.045956296,0,0.01284073,0,0.0022527596,0.0018022077,0.039873845
Woodrow-Wilson-1915,0.055067837,0.0089119447,0.0091779729,0.016892791,0.018888002,0.06358074,0.016759777,0.014232509,0.033918595,0.0077148178,0.014365523,0,0.013434424,0,0.0075818037,0.026336792,0.049481245,0,0.069300346,0,0.0037243948,0,0.011306198,0,0.045357808
Woodrow-Wilson-1916,0.011588605,0.0053114437,0.018348624,0.026557219,0.025591502,0.033800097,0.055045872,0.0014485756,0.043940126,0,0.0057943023,0,0.028971511,0,0,0.047320135,0.087397393,0.00096571704,0.016900048,0,0.0014485756,0.00048285852,0.020280058,0,0.064220183
Woodrow-Wilson-1917,0.041156551,0.0033862985,0.016150039,0.006772597,0.022922636,0.088043761,0.030216202,0.05496223,0.0013024225,0.003125814,0.01041938,0,0.039854129,0,0.0002604845,0.0013024225,0.036728315,0,0.040114613,0,0.0013024225,0,0.007814535,0.000520969,0.056004168
Woodrow-Wilson-1918,0.050149701,0.015344311,0.017776946,0.014221557,0.023577844,0.052582335,0.032185629,0.023577844,0.012537425,0.0095434132,0.023016467,0,0.017028443,0,0.0003742515,0,0.065868263,0,0.033121257,0.0013098802,0,0,0.024139222,0,0.058008982
Woodrow-Wilson-1919,0.022976165,0.007515568,0.012883831,0.052823706,0.028559158,0.041442989,0.032209577,0.0038651492,0.0032209577,0.0047240713,0.03779257,0.0030062272,0.02512347,0.00021473051,0.00085892205,0.027485506,0.074940949,0,0.034786343,0.0025767662,0.010521795,0,0.024264548,0.0070861069,0.043160833
Woodrow-Wilson-1920,0.026255708,0.002283105,0.015601218,0.046042618,0.032343988,0.04870624,0.019406393,0.020547945,0.014840183,0.031582953,0.03500761,0,0.01978691,0,0,0.034627093,0.073059361,0,0.023972603,0.0003805175,0,0,0.017884323,0,0.023592085
Warren-G-Harding-1921,0.027645551,0.0047601611,0.016660564,0.067008422,0.024899304,0.040278286,0.03698279,0.004577078,0.019406811,0.0087879897,0.036799707,0.0025631637,0.02288539,0.001464665,0,0.038264372,0.092273892,0,0.0082387404,0.00018308312,0,0,0.020688393,0.0098864885,0.031856463
Warren-G-Harding-1922,0.027017419,0.0040881621,0.014575187,0.056878777,0.025950942,0.036971205,0.045680768,0.0088873089,0.020796303,0.0072875933,0.036615713,0,0.033060789,0.01208674,0,0.042481337,0.091717028,0,0.0031994312,0.0058656239,0.0014219694,0,0.010487025,0.01581941,0.031816566
Calvin-Coolidge-1923,0.012413793,0.0044444444,0.0072030651,0.099923372,0.031264368,0.025900383,0.036628352,0,0.028965517,0.005210728,0.051034483,0,0.011340996,0.00045977011,0,0.05532567,0.074636015,0.00061302682,0.0096551724,0,0.0036781609,0.0010727969,0.029272031,0.0038314176,0.016091954
Calvin-Coolidge-1924,0.010358094,0.0068067476,0.0022195916,0.086416099,0.029594555,0.023083753,0.027670909,0.0029594555,0.034329683,0.0047351287,0.064812075,0,0.0094702575,0,0.0025155371,0.061408701,0.060520864,0.0010358094,0.0071026931,0,0,0,0.023823616,0.013169577,0.027522936
Calvin-Coolidge-1925,0.014089835,0.0066193853,0.0052009456,0.084349882,0.033191489,0.026288416,0.032907801,0.003498818,0.045106383,0.0026477541,0.045957447,0.000094562648,0.0080378251,0.000094562648,0.001891253,0.051631206,0.065815603,0.00085106383,0.008321513,0.0017021277,0.00028368794,0.0023640662,0.031111111,0.0074704492,0.024586288
Calvin-Coolidge-1926,0.01340134,0.0095009501,0.010001,0.10631063,0.03120312,0.02290229,0.03420342,0.00110011,0.04480448,0.0063006301,0.03890389,0,0.01060106,0,0,0.04920492,0.056405641,0,0.0092009201,0,0,0.00360036,0.02720272,0.0086008601,0.02590259
Calvin-Coolidge-1927,0.013835151,0.0079727987,0.0057451049,0.10575683,0.037284559,0.018876773,0.030718724,0,0.054402626,0.011372963,0.045374604,0,0.005979599,0,0,0.04080197,0.051823191,0,0.015593856,0.0014069645,0,0,0.041388205,0.010434987,0.020049244
Calvin-Coolidge-1928,0.010351438,0.0067731629,0.018019169,0.097507987,0.042172524,0.015591054,0.035782748,0.0029392971,0.050479233,0.0026837061,0.050351438,0,0.0083067093,0.002428115,0.0011501597,0.037316294,0.055846645,0,0.0051118211,0,0.00025559105,0.0039616613,0.03884984,0.011501597,0.025559105
Herbert-Hoover-1929,0.0062969925,0.0069548872,0.014379699,0.098684211,0.027349624,0.012969925,0.014097744,0.00084586466,0.047274436,0.010620301,0.04924812,0,0.0060150376,0.010620301,0.00056390977,0.060620301,0.065977444,0,0.00018796992,0,0,0.0068609023,0.035432331,0.021992481,0.02537594
Herbert-Hoover-1930,0.0036554718,0.015307288,0.014164953,0.14804661,0.01896276,0.010052547,0.0079963445,0,0.023989034,0.033584647,0.065570025,0,0.0013708019,0.021475897,0,0.051405072,0.071053233,0,0,0,0,0,0.01667809,0.0091386795,0.023989034
Herbert-Hoover-1931,0,0.011720159,0.0050486837,0.14785431,0.015867292,0.016408222,0.011359538,0.0037865128,0.021276596,0.024702488,0.08131987,0,0,0.010818608,0,0.045257843,0.08131987,0,0,0,0,0.0005409304,0.016227912,0.020375045,0.023440317
Herbert-Hoover-1932,0,0.01127537,0.0017539464,0.12753696,0.031571035,0.027060887,0.0085191681,0.0017539464,0.013029316,0.021799048,0.077925332,0.00050112754,0,0.01327988,0.003257329,0.040841894,0.070157855,0,0.00025056377,0,0,0.0025056377,0.025808068,0.020796793,0.03056878
Franklin-D-Roosevelt-1934,0.034148593,0.018920166,0.0023073373,0.070604522,0.037378865,0.043839409,0.010152284,0.012459622,0.011536687,0.017074296,0.045223812,0,0.026765113,0.006922012,0,0,0.074296262,0,0,0,0.010152284,0,0.017997231,0.03091832,0.042916474
Franklin-D-Roosevelt-1935,0.038212816,0.0088183422,0.00088183422,0.079952969,0.021751911,0.043503821,0.023221634,0,0,0.01675485,0.048794827,0,0.02292769,0.024103469,0,0.01675485,0.066725456,0,0,0.0023515579,0.0058788948,0.0097001764,0.0079365079,0.029688419,0.043503821
Franklin-D-Roosevelt-1936,0.060107817,0.00026954178,0.018598383,0.01967655,0.020215633,0.083827493,0.021832884,0.057412399,0.002425876,0.0037735849,0.043665768,0.00026954178,0.029919137,0,0.002425876,0.0016172507,0.041509434,0.00080862534,0.0032345013,0.011320755,0.01509434,0,0.0059299191,0.010242588,0.040431267
Franklin-D-Roosevelt-1937,0.021340322,0.01160614,0,0.042680644,0.019093972,0.077873456,0.010108574,0.026956196,0.013478098,0.023961063,0.026207413,0,0.024335455,0,0.012729315,0.0014975665,0.073006365,0.0033695245,0.0029951329,0.0056158742,0,0.0074878323,0.030700112,0.030700112,0.049045301
Franklin-D-Roosevelt-1938,0.024737303,0,0.0019702277,0.054509632,0.021891419,0.054728546,0.037872154,0.017950963,0,0.042688266,0.046190893,0,0.03765324,0.0015323993,0.010288967,0.0074430823,0.058887916,0.00021891419,0.0041593695,0.026050788,0.0032837128,0,0.010945709,0.018388792,0.031304729
Franklin-D-Roosevelt-1939,0.048740416,0,0,0.050383352,0.022179628,0.056955093,0.015060241,0.071193866,0,0.037787514,0.031763417,0,0.018619934,0,0.0054764513,0,0.05230011,0.0095837897,0,0.021905805,0.0057502738,0.019989047,0.01067908,0.015060241,0.019715225
Franklin-D-Roosevelt-1940,0.051224227,0.023195876,0.0080541237,0.017719072,0.019652062,0.086018041,0.0077319588,0.069587629,0,0.0006443299,0.052835052,0,0.0096649485,0.0054768041,0,0.0035438144,0.03125,0.0045103093,0.010309278,0.012242268,0.013853093,0.006443299,0.0099871134,0.019974227,0.037693299
Franklin-D-Roosevelt-1941,0.042388614,0.0061881188,0.018873762,0.0064975248,0.027537129,0.071163366,0.0083539604,0.089727723,0.0068069307,0.016089109,0.018564356,0,0.019183168,0,0.026608911,0,0.033415842,0,0.01299505,0.011757426,0.014542079,0.0089727723,0.0071163366,0.0086633663,0.035581683
Franklin-D-Roosevelt-1942,0.071028588,0.016209844,0.0053050398,0,0.015915119,0.03919835,0,0.14058355,0.0064839375,0.012673151,0.010904804,0,0.022693781,0.002063071,0.0011788977,0,0.0097259063,0.0050103154,0.016209844,0.02858827,0.012083702,0.020335986,0.0082522841,0.0032419688,0.041556145
Franklin-D-Roosevelt-1943,0.04735062,0.017361894,0,0,0.012175874,0.061104848,0.014430665,0.13370913,0,0.012852311,0.0083427283,0,0.0072153326,0.00045095829,0.014205186,0,0.016685457,0,0.016685457,0.024577227,0.019616685,0.024351747,0,0,0.063810598
Franklin-D-Roosevelt-1944,0.049399563,0.013919214,0.0021834061,0.029748908,0.020196507,0.059224891,0.0054585153,0.076146288,0.0051855895,0.028384279,0.031113537,0.00054585153,0.021015284,0.0038209607,0,0.0043668122,0.018286026,0,0,0.017740175,0.011462882,0.016648472,0.010644105,0.018831878,0.060043668
Franklin-D-Roosevelt-1945,0.04152553,0.013549116,0.0043909171,0.019947309,0.021452766,0.048300088,0.002760005,0.11479112,0.023460043,0.027474595,0.017312759,0.0022581859,0.01129093,0.0097854723,0.0033872789,0.0035127337,0.0096600176,0,0.017187304,0.014552754,0.0076527412,0.026094593,0.0070254673,0.013800025,0.052691005
Harry-S-Truman-1946,0.0092931888,0.0035132787,0.0015110876,0.065278985,0.023724075,0.020777455,0.0028710665,0.014430887,0.01371312,0.15571758,0.072834423,0,0.0030221752,0.043405991,0.0033621699,0.0078576555,0.019530807,0,0.00045332628,0,0,0.015337539,0.020021911,0.016395301,0.028786219
Harry-S-Truman-1947,0.013959823,0,0.0095335376,0.052093973,0.042730678,0.033367382,0.0049370106,0.019748042,0.014470548,0.059073885,0.081375553,0.0042560436,0.0080013619,0.02145046,0.010384746,0.0039155601,0.053966633,0,0,0,0,0.022301668,0.010895472,0.020769493,0.037282942
Harry-S-Truman-1948,0.010898083,0,0,0.048032291,0.024823411,0.045005045,0,0.039959637,0,0.047023209,0.066397578,0,0.014328961,0.034106963,0.0209889,0,0.033299697,0,0,0.01493441,0.0010090817,0.020383451,0.0030272452,0.053481332,0.027447023
Harry-S-Truman-1949,0.023123123,0.0024024024,0.0003003003,0.055555556,0.025825826,0.033933934,0,0.038738739,0,0.03993994,0.081081081,0,0.0066066066,0.026126126,0.014714715,0,0.035135135,0,0.0033033033,0.0063063063,0.0033033033,0.023423423,0.010810811,0.041141141,0.033633634
Harry-S-Truman-1950,0.029512146,0.0012045774,0,0.039148765,0.031720538,0.052198354,0.0054205983,0.053804457,0,0.024292311,0.06022887,0.0012045774,0.0094358563,0.019072475,0.015659506,0,0.022485445,0.0030114435,0.0008030516,0.0086328047,0,0.030917486,0,0.049789199,0.026701466
Harry-S-Truman-1951,0.040931184,0.0076745971,0,0.0058838578,0.019953952,0.068559734,0,0.13788693,0,0.0086978767,0.019442313,0,0.0043489383,0.007930417,0.024558711,0,0.022000512,0.0046047583,0,0.0071629573,0.007930417,0.046047583,0.0035814786,0.012535175,0.037349706
Harry-S-Truman-1952,0.036472404,0,0.0025086839,0.020455423,0.017753763,0.068120417,0.014666152,0.094172134,0,0.012929371,0.03666538,0,0,0.011771517,0.021420301,0,0.020069471,0.011771517,0.010613663,0.014666152,0.006754149,0.03801621,0.003666538,0.016016982,0.033963721
Dwight-D-Eisenhower-1953,0.022569701,0,0,0.043369228,0.031863107,0.040418941,0.0013276294,0.044254315,0.01076855,0.024339873,0.06328367,0,0.014898953,0.026110046,0.014751438,0.011801151,0.040123912,0,0.013718838,0.0054580322,0.00044254315,0.033928308,0.022127157,0.029797905,0.037911196
Harry-S-Truman-1953,0.046135856,0.0062719252,0.0046773679,0.0065908366,0.027745296,0.067077708,0.0013819496,0.11342617,0,0.010736685,0.021473371,0.001169342,0.011055597,0.0047836717,0.032528968,0,0.020304029,0.0014882534,0.002870203,0.014351015,0.0096736473,0.024768789,0.0037206336,0.02200489,0.051025832
Dwight-D-Eisenhower-1954,0.012207703,0.0012035763,0.0024071527,0.057943604,0.028541953,0.035419532,0.0017193948,0.042469051,0,0.024931224,0.086485557,0.0012035763,0.0085969739,0.033528198,0.01323934,0.0051581843,0.025962861,0,0,0.007565337,0,0.058631362,0.020116919,0.039889959,0.037654746
Dwight-D-Eisenhower-1955,0.0056681309,0,0.00028340655,0.054839167,0.020121865,0.031033017,0.00014170327,0.043077795,0.0092107128,0.025364886,0.074677625,0.0082187899,0.010627746,0.048887629,0.02465637,0.010344339,0.023947853,0,0,0.0039676917,0,0.065750319,0.014595437,0.044494828,0.033725379
Dwight-D-Eisenhower-1956,0.0050963331,0.00024860162,0.0027346178,0.053573648,0.020509633,0.030329397,0.0065879428,0.034928527,0.01230578,0.023617154,0.080671224,0.013175886,0.0082038533,0.041392169,0.023990056,0.0049720323,0.019266625,0,0.0065879428,0.0052206339,0,0.061155998,0.012554382,0.041267868,0.033064015
Dwight-D-Eisenhower-1957,0.013871687,0,0.0024770869,0.035917761,0.038890265,0.043349022,0.0039633391,0.049789448,0.0029725043,0.014367104,0.068615308,0.0071835521,0.0113946,0.012137726,0.040624226,0.0024770869,0.041119643,0,0,0.0044587565,0.0056973,0.042853604,0.0052018826,0.050532574,0.034431509
Dwight-D-Eisenhower-1958,0.021103218,0,0,0.030923527,0.034057668,0.053698287,0,0.041579607,0,0.018178019,0.035311325,0,0.011909737,0.020685332,0.045758462,0.005014626,0.020685332,0.002507313,0.0039699122,0.022147931,0.0077308817,0.073338905,0.010865023,0.024446302,0.046594233
Dwight-D-Eisenhower-1959,0.018346733,0.00061842919,0,0.0282416,0.027829314,0.047000618,0,0.037930324,0.0059781488,0.021026592,0.058132344,0,0.015254587,0.036487322,0.038548753,0.00041228613,0.023294166,0.0010307153,0.0016491445,0.015666873,0.0028860029,0.057101629,0.011131725,0.041640899,0.037518038
Dwight-D-Eisenhower-1960,0.022400291,0,0.0071025314,0.029320707,0.034784192,0.062101621,0.0058277181,0.047714442,0,0.014933528,0.035148425,0.0061919505,0.013476598,0.0063740667,0.051903114,0.0087415771,0.025496267,0,0.0091058095,0.020943362,0.0061919505,0.034237844,0.0060098343,0.042433072,0.044254234
John-F-Kennedy-1961,0.035813768,0,0,0.016315161,0.039594111,0.04178273,0,0.030839634,0.001591723,0.017707919,0.038599284,0.0033824115,0.012335854,0.026860326,0.049741345,0.0095503382,0.028253084,0,0.0045762037,0.038997214,0.013529646,0.052924791,0.0091524075,0.034619976,0.033625149
Dwight-D-Eisenhower-1961,0.010427178,0,0.0038681467,0.045240498,0.031113354,0.018836192,0.0035317861,0.042045072,0.0026908846,0.028254289,0.071140262,0.013622603,0,0.06374033,0.038849647,0.0045408678,0.015136226,0.00033636058,0.0020181635,0.021358897,0,0.060040363,0.015472587,0.056172217,0.030608813
John-F-Kennedy-1962,0.02676711,0.0032056419,0.0088155153,0.017791313,0.030293316,0.043276166,0.00096169258,0.038788267,0,0.020516108,0.04359673,0.0060907197,0.015226799,0.038307421,0.04279532,0.0068921301,0.014265107,0,0.0001602821,0.044077577,0.012502004,0.045680397,0.00048084629,0.030934445,0.043115884
John-F-Kennedy-1963,0.038618281,0.0034931108,0.0046574811,0.017853677,0.019600233,0.061323501,0,0.052008539,0,0.019794295,0.029885504,0.007374345,0.017271492,0.029885504,0.048903551,0,0.012225888,0.0017465554,0.0034931108,0.049291675,0.0077624685,0.030467689,0,0.031049874,0.040364836
Lyndon-B-Johnson-1964,0.055501775,0,0.0016134237,0,0.023555986,0.053565666,0,0.022910616,0,0.021619877,0.030977735,0.0080671184,0.0077444337,0.044207809,0.02452404,0.0058083253,0.007421749,0.015166183,0,0.045498548,0.031945789,0.024201355,0,0.054211036,0.023878671
Lyndon-B-Johnson-1965,0.052804506,0,0,0.0039896738,0.030274583,0.071344755,0.00023468669,0.03050927,0,0,0.024407416,0,0.011969021,0.020887116,0.021356489,0.00023468669,0.011969021,0.014315888,0.009152781,0.046467965,0.039192678,0.025111476,0.0049284206,0.053039193,0.020652429
Lyndon-B-Johnson-1966,0.05189921,0,0,0.0030086499,0.034411433,0.070515231,0.0084618278,0.03967657,0,0.014291087,0.021624671,0.0011282437,0.004889056,0.023317036,0.018992102,0.0054531779,0.0094020308,0.021812712,0.0058292591,0.032531027,0.03647988,0.021812712,0.0058292591,0.046257992,0.014667168
Lyndon-B-Johnson-1967,0.051222011,0,0.0045368067,0.0032196693,0.029855115,0.066149568,0,0.027659886,0,0.01887897,0.027513537,0.0083418703,0.0055612469,0.033806527,0.023415776,0.0035123665,0.01463486,0.021513245,0,0.036879848,0.038636031,0.020488804,0.0073174301,0.030440509,0.028684326
Lyndon-B-Johnson-1968,0.039346377,0.004515158,0.0070952483,0.0062352182,0.028165986,0.051816814,0.00043001505,0.0062352182,0.0015050527,0.018060632,0.031176091,0.0049451731,0.0021500753,0.063857235,0.026015911,0.0058052032,0.0068802408,0.023865835,0,0.033971189,0.048591701,0.02085573,0.0090303161,0.040636422,0.025370888
Lyndon-B-Johnson-1969,0.047802621,0,0.01464919,0.009766127,0.021845284,0.065278849,0,0.013364174,0,0.012593164,0.028270368,0.0059110768,0.013364174,0.018504241,0.018761244,0,0.0077101002,0.024672321,0.00154202,0.018761244,0.045489591,0.029555384,0.0043690568,0.046517605,0.021331277
Richard-M-Nixon-1970,0.033605601,0,0,0.0060676779,0.019836639,0.07747958,0,0.0168028,0,0,0.02823804,0.0035005834,0.0044340723,0.046441074,0.016569428,0,0.0095682614,0.0035005834,0,0.027537923,0.076546091,0.017269545,0.0065344224,0.046674446,0.031271879
Richard-M-Nixon-1971,0.046598322,0,0.00023299161,0.0039608574,0.038210624,0.050326188,0,0.00069897484,0,0.0046598322,0.012814539,0.0011649581,0.00093196645,0.054753029,0,0,0.0037278658,0.012115564,0.0013979497,0.018173346,0.11346692,0.017008388,0.016076421,0.060344828,0.019338304
Richard-M-Nixon-1972,0.020885671,0,0,0.011969854,0.030392591,0.043052066,0.0032018127,0.0023151569,0,0.010886163,0.04585981,0.023053052,0.0020196049,0.089897049,0.020294567,0,0.012659475,0.0032510714,0.0021181223,0.026353382,0.038963598,0.043692429,0.013989459,0.054332299,0.014235752
Richard-M-Nixon-1973,0.016956955,0.0047955191,0.0008056472,0.024514693,0.039323256,0.030537865,0.010818691,0.00042200568,0.0033760454,0.0052558889,0.045653342,0.024783243,0.0028389473,0.1302463,0.003529502,0.0014578378,0.011662702,0.0016112944,0.0016112944,0.014156372,0.030537865,0.024783243,0.031381877,0.065525973,0.019450625
Richard-M-Nixon-1974,0.011707465,0,0.0025087426,0.022616695,0.030561046,0.033944047,0.00030409001,0.0023566976,0,0.005739699,0.064429071,0.04770412,0.0024707313,0.10734377,0.021666413,0.0025467538,0.0095788353,0.00057016877,0.00079823628,0.011821499,0.021248289,0.03827733,0.016040748,0.064923217,0.015964726
Gerald-R-Ford-1975,0.017409114,0,0,0.016897081,0.020737327,0.038146441,0,0.0079365079,0,0.012544803,0.064260113,0.03328213,0.00025601639,0.072196621,0.072452637,0,0.011008705,0.017921147,0.0038402458,0.025857655,0.030721966,0.032002048,0.0030721966,0.030977983,0.016385049
Gerald-R-Ford-1976,0.047739222,0.00063091483,0,0,0.026919033,0.039327024,0.0033648791,0.014300736,0.00021030494,0.0044164038,0.039537329,0.011987382,0,0.07360673,0.030704522,0,0.0063091483,0.032386961,0.003785489,0.041640379,0.068559411,0.029652997,0.011987382,0.038696109,0.013880126
Gerald-R-Ford-1977,0.042046093,0.0010118044,0.00044969084,0.0082068578,0.020460933,0.049128724,0.0030354132,0.017875211,0.0043844857,0.0037099494,0.051152333,0.030466554,0.00089938168,0.03777403,0.049353569,0,0.010567735,0.027431141,0,0.033726813,0.03777403,0.031365936,0.0095559303,0.026419337,0.01989882
Jimmy-Carter-1978-02,0.000085910653,0,0.001975945,0.01580756,0.023797251,0.014862543,0,0.0011168385,0.0042955326,0.0059278351,0.08943299,0.14243986,0.001975945,0.091666667,0.046477663,0.000085910653,0.0070446735,0.0028350515,0,0.0091924399,0.0073883162,0.040721649,0.023367698,0.041580756,0.0040378007
Jimmy-Carter-1979-01,0.010785953,0.0002090301,0.002173913,0.014297659,0.017307692,0.020819398,0.0026755853,0.002048495,0.0030936455,0.0059782609,0.075334448,0.12821906,0.00025083612,0.081145485,0.045526756,0.00045986622,0.0089046823,0.0064799331,0,0.0098244147,0.01166388,0.039172241,0.017683946,0.046028428,0.00409699
Jimmy-Carter-1980,0.0026500522,0.001296834,0.003834118,0.01544924,0.02289194,0.01888867,0,0.0037213498,0.0026218601,0.007019819,0.077443545,0.13701333,0.00028192044,0.065941191,0.0690987,0.00033830453,0.0087113417,0.0027064362,0.00042288066,0.0094161428,0.0053846804,0.048659468,0.017620028,0.031264977,0.0061458656
Ronald-Reagan-1981,0.017168391,0,0,0.016933208,0.020696143,0.039275635,0,0,0.00023518344,0.013170273,0.051740357,0.012699906,0,0.10700847,0.012229539,0.0028222013,0.012935089,0.079727187,0.0096425212,0.040216369,0.026340546,0.01434619,0.032455315,0.017638758,0.010583255
Jimmy-Carter-1981,0.0030410075,0,0.006450622,0.017416679,0.023037936,0.014314237,0.00021502073,0.0037475042,0.0058362771,0.0097373675,0.083919521,0.13205345,0.0022730763,0.06730149,0.072277684,0.00073721395,0.0088465673,0,0.00033788973,0.0058055598,0.00334818,0.047150975,0.018461066,0.037567194,0.0090615881
Ronald-Reagan-1982,0.037720706,0,0.0014044944,0.0084269663,0.028491172,0.042134831,0.0012038523,0.0062199037,0.00040128411,0.00020064205,0.035714286,0.0098314607,0.0056179775,0.063603531,0.024478331,0,0.0032102729,0.066813804,0.0062199037,0.065208668,0.050361156,0.020666132,0.019060995,0.017255217,0.02829053
Ronald-Reagan-1983,0.029001673,0,0,0.0092954081,0.022494888,0.04350251,0,0.0053913367,0,0.0091094999,0.03941253,0.023052612,0.0035322551,0.036438,0.03439301,0.00037181632,0.0033463469,0.069157836,0.0066926938,0.056701989,0.053355642,0.036995724,0.0070645101,0.01617401,0.015244469
Ronald-Reagan-1984,0.06382532,0.0050388411,0.00062985513,0.0018895654,0.016796137,0.04786899,0,0.015536427,0,0,0.023724543,0.010077682,0.0041990342,0.016586185,0.029603191,0.001469662,0.0096577787,0.094688222,0,0.0491287,0.079361747,0.030442998,0.014066765,0.01595633,0.02330464
Ronald-Reagan-1985,0.044809011,0.0036728697,0,0,0.022771792,0.061704212,0.00048971596,0.02179236,0.00073457395,0.0046523017,0.02301665,0.018364349,0,0.030117532,0.019343781,0,0.0051420176,0.097698335,0,0.066601371,0.080803134,0.021302644,0.0051420176,0.010528893,0.015426053
Ronald-Reagan-1986,0.074807806,0,0.00059136606,0,0.012123004,0.063571851,0,0.020993495,0.0011827321,0.0020697812,0.020402129,0.0038438794,0.0047309284,0.012123004,0.025724423,0,0,0.10467179,0,0.070963927,0.082495565,0.022176227,0,0.0053222945,0.019810763
Ronald-Reagan-1987,0.061039318,0,0.016497113,0.0035743745,0.012372835,0.048666483,0,0.017047017,0.0087984603,0.00054990377,0.0098982678,0.0090734122,0.0013747594,0.016222161,0.026670333,0.0021996151,0,0.078086335,0.0079736046,0.04674182,0.11108056,0.017871872,0.0021996151,0.016772065,0.0096233159
Ronald-Reagan-1988,0.044219154,0.00086281277,0.0084124245,0.0012942192,0.028041415,0.06147541,0,0.020707506,0,0.0012942192,0.0062553926,0.0097066437,0,0.023943054,0.0405522,0,0.00021570319,0.082614323,0.0036669543,0.040336497,0.11928387,0.0073339085,0.016393443,0.016824849,0.0090595341
George-Bush-1989,0.065772393,0,0,0,0.024448291,0.040242319,0,0.0067070532,0.0017308524,0,0.016443098,0.0049762008,0.0062743401,0.03331891,0.026828213,0,0.0093033319,0.085028126,0.0034617049,0.041107746,0.095196884,0.030722631,0.01319775,0.013414106,0.012765037
George-Bush-1990,0.050615595,0.00054719562,0,0,0.014227086,0.062653899,0.00082079343,0.029274966,0.0082079343,0,0.012311902,0.0049247606,0.0046511628,0.016689466,0.021340629,0.00027359781,0,0.11381669,0.0013679891,0.052257182,0.081805746,0.01751026,0.0010943912,0.012311902,0.0090287278
George-Bush-1991,0.055323591,0,0.0026096033,0,0.026356994,0.0467119,0,0.037317328,0,0.0013048017,0.018789144,0.014091858,0.010699374,0.024008351,0.019050104,0,0.0083507307,0.078549061,0.00026096033,0.049582463,0.062891441,0.019050104,0.0088726514,0.013048017,0.020615866
George-Bush-1992,0.072481572,0.0018427518,0.0024570025,0.0051187551,0.019246519,0.043611794,0,0.0077805078,0.0012285012,0.0057330057,0.015561016,0.0065520066,0.0057330057,0.020679771,0.013718264,0,0.0057330057,0.14578215,0.002047502,0.046683047,0.057330057,0.012285012,0.0051187551,0.014537265,0.007985258
William-J-Clinton-1993,0.039452136,0,0,0.018609498,0.010421319,0.04302516,0,0,0,0.0069971714,0.02114039,0.0058061635,0.00029775197,0.027393181,0.0064016674,0.00089325592,0.0077415513,0.1363704,0.0014887599,0.06342117,0.06788745,0.011016823,0.0046151556,0.011761203,0.0095280631
William-J-Clinton-1994,0.057983193,0,0,0.0021008403,0.012464986,0.043137255,0,0.0057422969,0.00014005602,0.00070028011,0.017086835,0.0084033613,0.0036414566,0.018207283,0.0092436975,0,0,0.17352941,0.0018207283,0.053641457,0.082913165,0.013865546,0,0.01232493,0.0050420168
William-J-Clinton-1995,0.056537503,0.00011330161,0.0027192386,0.0063448901,0.012123272,0.050079311,0.0037389531,0.00033990483,0,0,0.010083843,0.0013596193,0.0096306368,0.019487877,0.0066847949,0,0.0043054611,0.15352368,0.0019261274,0.042374802,0.0915477,0.0082710174,0.0064581917,0.0058916837,0.0043054611
William-J-Clinton-1996,0.046993099,0.0023003615,0,0,0.0096943805,0.046171541,0,0.00213605,0.00082155767,0,0.0098586921,0.0062438383,0.0065724614,0.02464673,0.0057509037,0,0.0013144923,0.14968781,0,0.058823529,0.10285902,0.01610253,0.0050936576,0.010023004,0
William-J-Clinton-1997,0.059256985,0.00030703101,0.0049124962,0,0.020724593,0.031931225,0.0016886706,0.0058335892,0,0,0.0099785078,0.011513663,0,0.0087503838,0.01673319,0,0,0.13908505,0.0013816395,0.069081977,0.092723365,0.017654283,0,0.010285539,0.0036843721
William-J-Clinton-1998,0.047959914,0,0.0038654259,0,0.015032212,0.044380816,0.0012884753,0.0035790981,0.0058697208,0,0.0094488189,0.015461704,0.00028632785,0.01932713,0.016750179,0.0017179671,0.0020042949,0.15003579,0,0.080458125,0.075590551,0.016034359,0.00028632785,0.0087329993,0.0042949177
William-J-Clinton-1999,0.039177549,0.00097249236,0.0025006946,0.0051403168,0.0090302862,0.036399,0,0.0058349542,0.0013892748,0.00027785496,0.013892748,0.018338427,0.00013892748,0.020700194,0.016949153,0,0.0056960267,0.16476799,0.0016671298,0.0854404,0.07168658,0.012503473,0.0006946374,0.0077799389,0.0081967213
William-J-Clinton-2000,0.045963737,0.00023097355,0.0019632752,0.00092389421,0.015244255,0.042845594,0,0.0066982331,0.0025407091,0.00011548678,0.0068137198,0.011086731,0.0039265504,0.028063287,0.012472572,0,0,0.1816607,0.00034646033,0.066751357,0.075181892,0.016976556,0,0.0017323017,0.0033491165
