1900-William-McKinley,0,0.000054106698,0.022183746,0.019207878,0.098311871,0.0067633373,0.0016773077,0.053132778,0.038632183,0,0.004490856,0.021804999,0.000054106698,0.039227356,0.000054106698,0.0001082134,0.060058435,0.00037874689,0.0025971215,0,0.031760632,0.007358511,0.0098474191,0.023806947,0.014717022
1901-Theodore-Roosevelt,0.0015041494,0.0013485477,0.028371369,0.036358921,0.013692946,0.075570539,0,0.03003112,0.027126556,0,0.0026452282,0.03469917,0.012759336,0.037396266,0.00010373444,0,0.016286307,0.0011929461,0.0039419087,0,0.02723029,0.0072614108,0.019139004,0.029253112,0.012655602
1902-Theodore-Roosevelt,0,0,0.020329037,0.026616368,0.013517762,0.084459813,0.00010478885,0.028921723,0.022424814,0,0.00031436655,0.037933564,0.014251284,0.039819763,0,0.0002095777,0.022634392,0,0.0006287331,0.00010478885,0.029340878,0.0064969087,0.011945929,0.034056376,0.012889029
1903-Theodore-Roosevelt,0,0.0011032961,0.032133499,0.023513998,0.040753,0.032823059,0.0016549441,0.073576058,0.029168391,0,0,0.026272238,0.00075851607,0.025651634,0,0.00062060405,0.034960695,0.0015859881,0.00096538408,0,0.028065094,0.0038615363,0.010826093,0.06440491,0.0059302165
1904-Theodore-Roosevelt,0.000058530875,0.0064969271,0.025753585,0.033187006,0.01071115,0.066256951,0,0.033596722,0.030611648,0,0.00099502488,0.047351478,0.0069651741,0.031255487,0.000468247,0.0035118525,0.023705004,0.00040971613,0.002341235,0,0.022944103,0.0052092479,0.012642669,0.042083699,0.01205736
1905-Theodore-Roosevelt,0,0.0035960933,0.023946712,0.028114912,0.010706551,0.079849618,0.00020432348,0.028114912,0.031833599,0,0.00093988803,0.047975154,0.0061705692,0.031956193,0.000040864697,0,0.024682277,0,0.0024927465,0.000040864697,0.027420212,0.0035960933,0.01017531,0.039311839,0.010461362
1906-Theodore-Roosevelt,0.00086843248,0.0034737299,0.023143726,0.048632219,0.0079895788,0.079287885,0,0.023838472,0.018541033,0,0.0016934433,0.055188884,0.00043421624,0.029309596,0,0,0.016500217,0,0.010030395,0,0.033825445,0.0069908815,0.014676509,0.032305688,0.0064264003
1907-Theodore-Roosevelt,0.0010111981,0.0032583049,0.024905434,0.026028988,0.0060297367,0.068724018,0.00089884274,0.034006217,0.034567994,0,0,0.05572825,0.00063668027,0.037713943,0,0.00011235534,0.029549455,0,0.0037077263,0,0.028088836,0.0096251077,0.0035579192,0.032620501,0.015917007
1908-Theodore-Roosevelt,0,0.0046462513,0.023020063,0.02782471,0.0060190074,0.094350581,0,0.035480465,0.026187962,0.0005279831,0.00015839493,0.059345301,0.0071805702,0.033579725,0.00026399155,0,0.024920803,0.0020063358,0.0095036959,0,0.017529039,0.0080253432,0.0076029567,0.019852165,0.010137276
1909-William-Howard-Taft,0.000074310768,0.00089172921,0.026008769,0.0066879691,0.022441852,0.0036412276,0.0028981199,0.09006465,0.042654381,0,0.000074310768,0.039087464,0,0.022516163,0,0,0.088652746,0.0002229323,0.00014862154,0,0.046146987,0.0044586461,0.0036412276,0.024819796,0.015679572
1910-William-Howard-Taft,0.00037693178,0,0.019600452,0.0067470788,0.012174896,0.0051639653,0.0041839427,0.096833773,0.054278176,0,0,0.031775349,0.0015831135,0.024802111,0.00015077271,0.00030154542,0.083188843,0.00086694308,0.00045231813,0,0.042404825,0.0044854881,0.0058424425,0.032642292,0.014738032
1911-William-Howard-Taft,0,0.000043660496,0.0193416,0.005544883,0.033225637,0.0028379322,0.00087320992,0.081994411,0.046061823,0,0,0.035714286,0.0024013273,0.030038421,0,0.0012661544,0.075750961,0,0.0013098149,0,0.049772965,0.0074222843,0.0069856794,0.027899057,0.014844569
1912-William-Howard-Taft,0.002052798,0.00012316788,0.031613089,0.012029396,0.021882826,0.006076282,0,0.087120746,0.048692368,0.000041055959,0.0016422384,0.02865706,0.0048446032,0.036704028,0.000041055959,0,0.060434372,0.00406454,0.0017243503,0,0.046721682,0.0078827442,0.007020569,0.020774315,0.017448783
1913-Woodrow-Wilson,0,0,0.037122302,0.034532374,0.0086330935,0.0069064748,0,0.024460432,0.020719424,0.0023021583,0,0.018705036,0.008057554,0.067338129,0,0.00028776978,0.016690647,0.0054676259,0,0,0.035683453,0.018417266,0.04,0.018992806,0.019280576
1914-Woodrow-Wilson,0.0022527596,0.00022527596,0.024780356,0.030862807,0,0.013066006,0.0024780356,0.015318765,0.020274837,0,0.015544041,0.03401667,0.0036044154,0.049335436,0,0,0.012164902,0.00045055193,0,0,0.028384771,0.02680784,0.066681685,0.010362694,0.0024780356
1915-Woodrow-Wilson,0,0,0.023410482,0.018355946,0.0003990423,0.0077148178,0.012636339,0.014631551,0.025538707,0.0009310987,0.017557861,0.016892791,0.003990423,0.054003724,0,0,0.017025805,0,0.003990423,0,0.060521415,0.021282256,0.07235967,0.0097100293,0.0103751
1916-Woodrow-Wilson,0.0048285852,0,0.025108643,0,0.010622887,0.01641719,0.00048285852,0.010140029,0.047802994,0,0,0.049734428,0.0043457267,0.095123129,0,0,0.040077257,0,0,0,0.035731531,0.012071463,0.027522936,0.0057943023,0.020280058
1917-Woodrow-Wilson,0,0,0.019796822,0.035686377,0.015368586,0.008856473,0,0,0.007293566,0,0.067465486,0.029695233,0.0065121125,0.058609013,0,0,0,0,0.004688721,0,0.027350873,0.014066163,0.06017192,0.0028653295,0.009377442
1918-Woodrow-Wilson,0.00074850299,0.00018712575,0.024700599,0.0074850299,0.0033682635,0.016654192,0.0095434132,0.0024326347,0.033121257,0,0.025823353,0.028068862,0.001497006,0.062312874,0,0,0.0089820359,0.0072979042,0.0020583832,0.0003742515,0.04004491,0.025823353,0.058008982,0.005239521,0.013847305
1919-Woodrow-Wilson,0.0073008374,0,0.043805025,0.010092334,0.0027914967,0.017607902,0.0062271849,0.0042946103,0.038222031,0.0049388018,0.010521795,0.034356882,0.016104788,0.047884904,0,0,0.018896285,0.0060124544,0.0030062272,0.00021473051,0.054756281,0.032209577,0.024049817,0.0030062272,0.039080953
1920-Woodrow-Wilson,0.0034246575,0,0.02283105,0.0060882801,0.011796043,0.0095129376,0.029299848,0.0098934551,0.028158295,0.00304414,0.0003805175,0.020928463,0.01826484,0.055175038,0,0.0003805175,0.015981735,0,0.01674277,0,0.059741248,0.01065449,0.039954338,0.0019025875,0.049086758
1921-Warren-G-Harding,0.010435738,0,0.036250458,0.0042109118,0.0025631637,0.0097034053,0.0080556573,0.0064079092,0.079274991,0.00054924936,0,0.032405712,0.035884291,0.026180886,0,0,0.028560967,0,0,0,0.046686196,0.016660564,0.033870377,0.0140974,0.04284145
1922-Warren-G-Harding,0.0090650551,0.0026661927,0.041592606,0.030039104,0,0.018307856,0.0056878777,0.0023107003,0.084962673,0.0026661927,0,0.030750089,0.02559545,0.020440811,0,0,0.017241379,0,0.00071098471,0.00017774618,0.059900462,0.011020263,0.018841095,0.017063633,0.048346961
1923-Calvin-Coolidge,0.0018390805,0.0032183908,0.039846743,0.013639847,0,0.010881226,0.0065900383,0.021149425,0.095478927,0,0.0022988506,0.034636015,0.011954023,0.044137931,0,0.0038314176,0.036934866,0,0,0,0.045977011,0.0013793103,0.0075095785,0.0050574713,0.0548659
1924-Calvin-Coolidge,0.0056229654,0.0020716188,0.044687777,0.010210121,0,0.0048831015,0.0041432376,0.021604025,0.091595146,0.001923646,0.00044391832,0.041284404,0.0076945842,0.042468186,0,0,0.031518201,0.0069547203,0,0,0.038176975,0.0062148565,0.0039952649,0.00073986387,0.064960047
1925-Calvin-Coolidge,0.0052955083,0,0.038297872,0.01465721,0.0044444444,0.0054846336,0.0090780142,0.023167849,0.071583924,0,0,0.038959811,0.0068085106,0.049550827,0.0001891253,0.000094562648,0.03820331,0.0044444444,0.00047281324,0.0012293144,0.036028369,0.010591017,0.010118203,0.00321513,0.051725768
1926-Calvin-Coolidge,0.0088008801,0,0.03980398,0.02510251,0.0079007901,0.0058005801,0.0078007801,0.02720272,0.084908491,0,0,0.03760376,0.00090009001,0.03620362,0,0,0.0220022,0.00190019,0.00160016,0,0.03810381,0.0040004,0.0075007501,0.0052005201,0.069106911
1927-Calvin-Coolidge,0.008793528,0.0010552234,0.032711924,0.020518232,0.0051588697,0.0072693164,0.0091452691,0.033180912,0.083714386,0,0,0.028139289,0.0024621878,0.034001641,0,0.0023449408,0.036346582,0,0.00035174112,0,0.0376363,0.0092625161,0.0072693164,0.009028022,0.074569117
1928-Calvin-Coolidge,0.013801917,0,0.043194888,0.016613419,0.0084345048,0.0074121406,0.010734824,0.043194888,0.085111821,0.00038338658,0,0.03284345,0,0.03629393,0,0.00051118211,0.034632588,0.00025559105,0,0,0.028881789,0.0097124601,0.010223642,0.0062619808,0.069904153
1929-Herbert-Hoover,0.019266917,0,0.038815789,0,0,0.0018796992,0.014567669,0.052631579,0.10028195,0.00065789474,0,0.027067669,0.0062030075,0.027443609,0,0.0053571429,0.037593985,0.004887218,0,0,0.018703008,0.014379699,0.0023496241,0.0095864662,0.070206767
1930-Herbert-Hoover,0.030614576,0.00045693397,0.02650217,0.00045693397,0.00068540096,0,0.044779529,0.037011652,0.10920722,0.00045693397,0.00091386795,0.025816769,0.010737948,0.022161298,0,0.0018277359,0.019419694,0.0082248115,0.0011423349,0,0.015078821,0.0050262737,0.0027416038,0.0034270048,0.10235321
1931-Herbert-Hoover,0.029931482,0.0030652723,0.04038947,0.0014424811,0.0021637216,0,0.022899387,0.026325279,0.1282005,0,0,0.024702488,0.014965741,0.022719077,0,0.0012621709,0.010277678,0.0028849621,0,0,0.016408222,0.015146051,0.0023440317,0.0025243419,0.10638298
1932-Herbert-Hoover,0.026810323,0,0.041092458,0,0.0022550739,0.0042595841,0.029315961,0.023803558,0.093460286,0.0020045101,0,0.026810323,0.032823854,0.01528439,0,0,0.009771987,0.0010022551,0.0010022551,0,0.0087697319,0.022300175,0.009771987,0,0.11074919
1934-Franklin-D-Roosevelt,0.012921089,0.0059990771,0.061836641,0.0055376096,0.0036917397,0.0078449469,0.012459622,0,0.033687125,0.0023073373,0,0.056760498,0.045685279,0.025380711,0.0023073373,0,0.011075219,0.00046146747,0.010152284,0.0036917397,0.0073834795,0.039686202,0.041993539,0,0.060452238
1935-Franklin-D-Roosevelt,0.023809524,0.001175779,0.05026455,0,0,0.00029394474,0.01175779,0.0023515579,0.040858319,0.0017636684,0.00058788948,0.048500882,0.059964727,0.031452087,0,0.0026455026,0.014403292,0.0029394474,0.0020576132,0.0049970606,0.0064667842,0.026748971,0.038506761,0.0061728395,0.068489124
1936-Franklin-D-Roosevelt,0,0.0016172507,0.03180593,0.020215633,0.0010781671,0.0040431267,0,0,0.011320755,0.0010781671,0.022371968,0.025876011,0.088140162,0.018598383,0,0,0.0056603774,0.0059299191,0.014285714,0.0075471698,0.018328841,0.039892183,0.066846361,0.0026954178,0.03180593
1937-Franklin-D-Roosevelt,0.010482965,0,0.066641707,0.0052414826,0,0,0.0018719581,0,0.02545863,0.0037439161,0.0011231748,0.025833021,0.084986896,0.03706477,0,0,0.015724448,0.011231748,0.018719581,0.0014975665,0.02321228,0.032946462,0.028453763,0,0.048296518
1938-Franklin-D-Roosevelt,0.017950963,0.0054728546,0.042250438,0.002408056,0,0.017294221,0.020796848,0,0.018607706,0,0,0.04443958,0.063047285,0.026050788,0,0,0.00021891419,0.0061295972,0.010288967,0,0.015105079,0.031523643,0.026926445,0.0026269702,0.080122592
1939-Franklin-D-Roosevelt,0.03094195,0.0032858708,0.044085433,0.0073932092,0,0.0071193866,0.011500548,0,0.021084337,0.004381161,0.027929901,0.011226725,0.058871851,0.024370208,0.0016429354,0,0.0038335159,0.0035596933,0.062979189,0.0084884995,0,0.02354874,0.036692223,0.0032858708,0.040525739
1940-Franklin-D-Roosevelt,0.0093427835,0,0.036082474,0.0006443299,0,0.017719072,0,0.0077319588,0.010631443,0,0.03125,0.015463918,0.082474227,0.021585052,0,0,0,0.010631443,0.037371134,0,0.0083762887,0.044136598,0.059278351,0,0.033505155
1941-Franklin-D-Roosevelt,0.012685644,0.005259901,0.045173267,0,0.016707921,0.0058787129,0.0099009901,0,0.011757426,0,0.069925743,0.027537129,0.058787129,0.012376238,0.00030940594,0,0,0,0.02970297,0.0034034653,0.012685644,0.029084158,0.053527228,0.0027846535,0.010210396
1942-Franklin-D-Roosevelt,0,0.010315355,0.021809608,0.016209844,0.014441497,0,0.030651341,0,0.012673151,0.0014736222,0.12024757,0.01532567,0.01532567,0.018862364,0,0,0.0041261421,0,0.068376068,0.0064839375,0,0.028293546,0.03124079,0.00029472443,0.0017683466
1943-Franklin-D-Roosevelt,0.0096956032,0.0018038331,0.025253664,0.021645998,0.0067643743,0.0085682074,0.011048478,0,0.012626832,0,0.11251409,0.0092446449,0.021645998,0.022096956,0.0040586246,0,0,0,0.072829763,0.0022547914,0.0027057497,0.045997745,0.018940248,0.0029312289,0.004735062
1944-Franklin-D-Roosevelt,0.022925764,0.00027292576,0.033569869,0.034661572,0,0.0035480349,0.027292576,0,0.010917031,0.00054585153,0.077783843,0.01419214,0.046670306,0.018831878,0.0010917031,0,0,0,0.021015284,0.0049126638,0.011735808,0.029475983,0.039847162,0,0.029748908
1945-Franklin-D-Roosevelt,0.02208004,0,0.034625518,0.010663656,0.01944549,0.0075272864,0.023209133,0.0051436457,0.022456404,0,0.10676201,0.010036382,0.018692761,0.024463681,0,0.00050181909,0,0.003889098,0.032743696,0,0.018567306,0.036632794,0.021954585,0,0.015681847
1946-Harry-S-Truman,0.06614786,0,0.031128405,0.0061199048,0.0015110876,0,0.15654868,0.0046465944,0.038154962,0,0.011862038,0.013562011,0.015941974,0.017490839,0,0.0026066261,0.0078198784,0.023044086,0.0033999471,0,0.0092176344,0.013070908,0.0048354803,0,0.061387934
1947-Harry-S-Truman,0.047497446,0.00017024174,0.077630235,0.0074906367,0.0018726592,0.0037453184,0.02928158,0.007320395,0.036261491,0.0011916922,0.022131427,0.013449098,0.038815117,0.014470548,0,0,0.01464079,0.028430371,0.0054477358,0,0.01464079,0.024344569,0.0071501532,0,0.065032346
1948-Harry-S-Truman,0.071241171,0.00060544904,0.062563068,0.009889001,0,0.0036326942,0.023007064,0,0.032290616,0,0.018567104,0.0074672048,0.064379415,0.01654894,0,0.0022199798,0.00020181635,0.021190716,0.014127144,0,0,0.029465187,0.013925328,0,0.063572149
1949-Harry-S-Truman,0.076576577,0.0006006006,0.057657658,0.01981982,0,0.0021021021,0.017717718,0,0.035135135,0.0039039039,0.011111111,0.0084084084,0.074474474,0.021621622,0,0,0.0003003003,0.020720721,0.0003003003,0.0021021021,0.003003003,0.016816817,0.0069069069,0,0.074174174
1950-Harry-S-Truman,0.070066252,0.0010038145,0.062437262,0.012648063,0,0.0058221241,0.008030516,0,0.021280867,0,0.032322827,0.0082312789,0.071270829,0.016462558,0,0.0042160209,0.002007629,0.027906043,0.0064244128,0.0034129693,0.0026099177,0.020678579,0.019072475,0.0010038145,0.039349528
1951-Harry-S-Truman,0.032744948,0.00051163981,0.054745459,0.0081862369,0.00051163981,0.0056280379,0,0,0.0048605782,0,0.14044513,0.0071629573,0.031465848,0.02609363,0.0012790995,0.0002558199,0,0.0046047583,0.036070606,0.0023023791,0.0028140189,0.030186749,0.012279355,0.0023023791,0.010232796
1952-Harry-S-Truman,0.042647626,0.003087611,0.04071787,0.023928985,0,0.0052103435,0.0040524894,0,0.015245079,0,0.10266306,0.003666538,0.030683134,0.017946739,0,0,0.0034735623,0.014280201,0.033384794,0.0050173678,0.0011578541,0.034928599,0.015824006,0,0.02103435
1953-Dwight-D-Eisenhower,0.061070954,0.00044254315,0.059153267,0.013423809,0.0014751438,0,0.0075232335,0.0089983773,0.025667503,0.0039828883,0.036436053,0.015046467,0.025667503,0.027880218,0,0.0045729459,0.0091458917,0.032895707,0.0078182623,0,0.023602301,0.024929931,0.016226582,0.0053105178,0.054432807
1953-Harry-S-Truman,0.018709472,0,0.060061656,0.011480812,0.00031891145,0.0021260763,0.0090358244,0.00085043053,0.007547571,0,0.12097374,0.0046773679,0.060593175,0.025194004,0.006378229,0.0031891145,0.00053151908,0.01254385,0.020197725,0.0042521527,0.0054214946,0.018071649,0.023493143,0.0041458488,0.0098862549
1954-Dwight-D-Eisenhower,0.090955983,0,0.046595598,0.0037826685,0,0,0.017537827,0,0.029057772,0,0.038342503,0.012895461,0.034731774,0.018397524,0.0098005502,0.011348006,0.020632737,0.032324622,0.003954608,0.00017193948,0.0091127923,0.029229711,0.011691884,0,0.06585282
1955-Dwight-D-Eisenhower,0.087856029,0.0032591753,0.059515375,0.0066600538,0.0017004393,0.00042510982,0.015020547,0.00042510982,0.04633697,0,0.041519059,0.010911152,0.033725379,0.012894998,0.0048179113,0.011903075,0.011052855,0.044494828,0.010060932,0,0.004676208,0.027348732,0.0052430211,0.0019838458,0.059231968
1956-Dwight-D-Eisenhower,0.085767557,0.0031075202,0.054319453,0.0059664388,0.00012430081,0.0067122436,0.018023617,0.0027346178,0.031075202,0.010441268,0.034058421,0.012678682,0.031323804,0.016407707,0.0036047234,0.011311374,0.011187073,0.051460534,0.010192666,0,0,0.023741454,0.0039776259,0.0060907396,0.058545681
1957-Dwight-D-Eisenhower,0.04929403,0.00074312608,0.069358434,0.019073569,0,0.0076789695,0.0027247956,0.0022293783,0.015605648,0,0.050532574,0.026257122,0.048798613,0.01511023,0.011146891,0.011146891,0,0.039633391,0.0056973,0,0.00074312608,0.027743374,0.021302948,0,0.048798613
1958-Dwight-D-Eisenhower,0.061847054,0.0087755955,0.075637275,0.0089845382,0,0.0012536565,0.011909737,0,0.019431676,0.0085666527,0.086084413,0.0087755955,0.038236523,0.021730046,0,0.0014625992,0.0022983702,0.018804847,0.0071040535,0.003343084,0.0045967405,0.045131634,0.010029252,0,0.021103218
1959-Dwight-D-Eisenhower,0.060193774,0.00061842919,0.070088642,0.010719439,0,0.00041228613,0.019789734,0,0.028035457,0.017109874,0.045557617,0.014017728,0.04040404,0.0082457225,0.00082457225,0.010513296,0.0037105751,0.021438879,0.011750155,0.0053597196,0.0092764378,0.03030303,0.023294166,0,0.036487322
1960-Dwight-D-Eisenhower,0.041340375,0.0060098343,0.069932617,0.00382444,0,0.0032780914,0.012930249,0,0.013658714,0.011109088,0.061737388,0.013658714,0.050446185,0.026588964,0.0045529048,0.0056456019,0.0047350209,0.023675105,0.015661992,0,0.0098342743,0.031141869,0.023675105,0.00091058095,0.034784192
1961-John-F-Kennedy,0.063270991,0.0067648229,0.04178273,0.012136888,0.00019896538,0,0.013529646,0.00019896538,0.020294469,0.013131715,0.028253084,0.0033824115,0.059291683,0.018901711,0.010943096,0.0073617191,0.0031834461,0.025865499,0.043374453,0.0035813768,0.01333068,0.033227218,0.031038599,0,0.01810585
1961-Dwight-D-Eisenhower,0.073326606,0.00050454087,0.055331315,0.006390851,0.0047090481,0.00050454087,0.022536159,0.0094180962,0.033636058,0.018668012,0.034140599,0.0013454423,0.041035991,0.0043726875,0.013454423,0.024386142,0.0010090817,0.068785738,0.01765893,0.0025227043,0.0042045072,0.0230407,0.0099226371,0,0.05835856
1962-John-F-Kennedy,0.059464658,0.012021157,0.0259657,0.015226799,0,0.0036864882,0.017631031,0.0044878987,0.011700593,0.017150184,0.039910242,0,0.047764065,0.012502004,0.0094566437,0.018913287,0.0076935406,0.021958647,0.042154191,0.015066517,0.0011219747,0.043115884,0.023240904,0.0001602821,0.024683443
1963-John-F-Kennedy,0.058606637,0.015718999,0.034737046,0.02037648,0,0,0.0075684068,0,0.0032990491,0.014554628,0.05550165,0.0032990491,0.039394527,0.015718999,0.01358432,0.010673394,0,0.010867456,0.047739181,0.015330875,0,0.035901417,0.024063652,0.0019406171,0.032990491
1964-Lyndon-B-Johnson,0.053565666,0.027428203,0.023555986,0.019361084,0.00064536947,0,0.013875444,0.00032268474,0.014520813,0.026460148,0.018715715,0.0016134237,0.033559213,0.013875444,0,0.026782833,0.00613101,0.018070345,0.042594385,0.019038399,0,0.026782833,0.030009681,0,0.013230074
1965-Lyndon-B-Johnson,0.037080498,0.022060549,0.018540249,0.040366111,0,0.0053977939,0.0014081202,0,0.010795588,0.022764609,0.027223656,0.0051631073,0.0617226,0.014081202,0,0.025346163,0.00093874677,0.015254635,0.024642103,0.020652429,0,0.035437691,0.036141751,0,0.0065712274
1966-Lyndon-B-Johnson,0.040428733,0.014855209,0.020872508,0.028018052,0,0.0015043249,0.0062053404,0.00037608123,0.015607371,0.016171493,0.028206093,0.014291087,0.050206845,0.010530275,0,0.01842798,0.00075216247,0.013350884,0.067506581,0.026513727,0,0.025385483,0.023881158,0,0.004889056
1967-Lyndon-B-Johnson,0.032928436,0.019464364,0.033221133,0.028537977,0.00058539441,0.0023415776,0.016391043,0.00058539441,0.0030733206,0.016244695,0.021220547,0.0087809161,0.038343334,0.0033660179,0.010098054,0.026342748,0.010537099,0.017122786,0.04083126,0.027806234,0.0001463486,0.031757647,0.020488804,0,0.0090736133
1968-Lyndon-B-Johnson,0.070737476,0.026230918,0.024725865,0.021070737,0,0,0.022145775,0,0.008600301,0.02429585,0.0060202107,0.0066652333,0.035476242,0.010320361,0.0090303161,0.034616212,0.010750376,0.015265534,0.021285745,0.04343152,0,0.028811008,0.014620512,0.00043001505,0.0068802408
1969-Lyndon-B-Johnson,0.038036494,0.016962221,0.028784374,0.020046261,0,0,0.01002313,0.0048830635,0.0038550501,0.034952454,0.0095091236,0.0095091236,0.033924441,0.013621177,0.012079157,0.015163197,0.025700334,0.0089951169,0.016448214,0.045489591,0,0.025700334,0.025443331,0.00025700334,0.0035980468
1970-Richard-M-Nixon,0.041073512,0.0063010502,0.022870478,0.044107351,0,0.00093348891,0,0.00023337223,0.0023337223,0.020070012,0.017969662,0.0058343057,0.038506418,0.0070011669,0,0.056709452,0,0.018203034,0.015869312,0.039673279,0.0053675613,0.050175029,0.016102684,0,0.0079346558
1971-Richard-M-Nixon,0.034016775,0.012581547,0.015377446,0.064072693,0,0,0.0027958993,0,0.00023299161,0.020503262,0.00023299161,0.0051258155,0.052656104,0.020969245,0.00023299161,0.072926375,0.00069897484,0.011416589,0.00023299161,0.047064306,0.00069897484,0.027260019,0.012814539,0,0.010251631
1972-Richard-M-Nixon,0.06566179,0.010492094,0.030540367,0.025269691,0.00014777597,0,0.012757992,0,0.0088665583,0.051623073,0.0060095562,0.0035466233,0.019210876,0.010935422,0.0039899512,0.062509236,0.0011822078,0.046844983,0.0059602975,0.01285651,0.00098517314,0.048766071,0.010738387,0.00078813852,0.01650165
1973-Richard-M-Nixon,0.057699685,0.0028773114,0.02624108,0.026317809,0,0,0.0090155758,0.0029924039,0.019488989,0.040128904,0,0.013427453,0.013197268,0.014540014,0.0018414793,0.11091076,0.0044118775,0.053786542,0.0029540397,0.0098595872,0.0011125604,0.030652958,0.0057162587,0.0025703982,0.026854907
1974-Richard-M-Nixon,0.073741828,0.0077923065,0.032157519,0.013455983,0,0,0.007260149,0.00030409001,0.018777558,0.052455527,0.0012923825,0.0071461153,0.012733769,0.0085905428,0.013341949,0.073133648,0.0050935077,0.076668694,0.000038011251,0.0066899802,0.00026607876,0.029192641,0.0050554964,0,0.030903147
1975-Gerald-R-Ford,0.092421915,0.015360983,0.025857655,0.014592934,0,0,0.020993344,0,0.0040962622,0.036610343,0.0043522785,0.0097286226,0.044546851,0.0038402458,0.062467998,0.020481311,0,0.03046595,0.0058883769,0.013824885,0,0.030209933,0.011520737,0.00076804916,0.032770097
1976-Gerald-R-Ford,0.058675079,0.014090431,0.015772871,0.013669821,0,0.0067297581,0.010304942,0,0.0044164038,0.039116719,0.011356467,0.0014721346,0.048370137,0.010725552,0.014931651,0.048580442,0,0.025026288,0.015562566,0.060567823,0,0.032597266,0.021661409,0,0.013669821
1977-Gerald-R-Ford,0.052501405,0.016863406,0.033951658,0.01989882,0,0,0.00022484542,0.0058459809,0.0057335582,0.035637999,0.019673974,0.0020236088,0.050927487,0.0077571669,0.023721192,0.017088252,0.0056211355,0.032152895,0.011804384,0.031141091,0.0015739179,0.035750422,0.01866217,0,0.017987634
1978-Jimmy-Carter,0.099312715,0.0074742268,0.028608247,0.0012886598,0,0,0.0073883162,0.006443299,0.02371134,0.10283505,0,0.00068728522,0.0058419244,0.0063573883,0.061941581,0.028092784,0.0097079038,0.1185567,0.000085910653,0.00025773196,0.000085910653,0.010996564,0,0.0030068729,0.024140893
1979-Jimmy-Carter,0.077759197,0.011204013,0.029138796,0.0036371237,0.00012541806,0,0.0036371237,0.0014214047,0.014715719,0.09201505,0.0022575251,0.0045986622,0.018520067,0.0057274247,0.051546823,0.029222408,0.0011705686,0.10898829,0.0048913043,0.0055602007,0.0014632107,0.015844482,0.0028010033,0,0.027550167
1980-Jimmy-Carter,0.083251107,0.0066251304,0.03447887,0.0029883567,0.00093033746,0.000028192044,0.0053846804,0.0027346283,0.017873756,0.077189817,0.0021707874,0.0053564884,0.016041273,0.0075836599,0.087479913,0.018522173,0.0015787545,0.10907502,0.0045107271,0,0,0.016182233,0.00076118519,0.0010712977,0.017563644
1981-Ronald-Reagan,0.088664158,0.023988711,0.006349953,0.0070555033,0,0,0.025399812,0,0.014111007,0.027751646,0.0011759172,0.0061147695,0.032690499,0.015992474,0.014816557,0.025399812,0.004233302,0.022342427,0,0.058325494,0.0091721543,0.024694262,0.0098777046,0,0.023518344
1981-Jimmy-Carter,0.077438182,0.0054062356,0.038027953,0.0043311319,0.0015051451,0,0.0083858086,0.007187836,0.024758102,0.065919214,0.0034403317,0.0039318077,0.01830748,0.006573491,0.091998157,0.023836584,0,0.10711104,0.0038089387,0.00061434495,0.00076793119,0.012133313,0.0022730763,0.0041161112,0.016771617
1982-Ronald-Reagan,0.068619583,0.015048154,0.012640449,0.02046549,0.0010032103,0,0.0068218299,0,0.00020064205,0.03711878,0.013844302,0.00020064205,0.040128411,0.010433387,0.0048154093,0.043338684,0,0.023675762,0.0048154093,0.059791332,0,0.036717496,0.033105939,0,0.021268058
1983-Ronald-Reagan,0.058375163,0.032162112,0.017289459,0.011526306,0.00037181632,0,0.0063208775,0,0.0059490612,0.057073806,0.0072504183,0.0059490612,0.04145752,0.0037181632,0.012641755,0.025841234,0.0013013571,0.021937163,0.0089235917,0.055028816,0,0.034950734,0.031790296,0.0020449898,0.011712214
1984-Ronald-Reagan,0.03065295,0.050388411,0.0060885996,0.026873819,0,0,0,0.0035691791,0.00083980684,0.037371405,0.016376233,0.0048288894,0.04534957,0.00020995171,0.0075582616,0.013017006,0.0039890825,0.015326475,0.0067184548,0.087339912,0.0054587445,0.039680873,0.039890825,0.00062985513,0.018055847
1985-Ronald-Reagan,0.037463271,0.05705191,0.0078354554,0.018364349,0,0.00024485798,0.00048971596,0,0,0.042115573,0.021547502,0,0.039911851,0.0031831538,0.0093046033,0.012487757,0.00024485798,0.017384917,0.015670911,0.099902057,0.0031831538,0.025220372,0.047012733,0.0022037218,0.011508325
1986-Ronald-Reagan,0.021584861,0.043465405,0.0047309284,0.024541691,0.00029568303,0,0,0.0011827321,0,0.040804258,0.023358959,0,0.041691307,0.0026611473,0.0097575399,0.015375517,0.00029568303,0,0.01655825,0.13542283,0,0.026907156,0.055588409,0,0.0050266115
1987-Ronald-Reagan,0.018696728,0.040967831,0.0098982678,0.028045092,0.0049491339,0.0049491339,0,0.0013747594,0,0.029419852,0.023920814,0.00054990377,0.04674182,0.0019246632,0.016772065,0.010998075,0.010723123,0.0096233159,0.011273027,0.088534506,0.00027495188,0.018421776,0.037393456,0,0.0063238933
1988-Ronald-Reagan,0.020707506,0.04594478,0.019628991,0.022864538,0,0.00021570319,0.00043140638,0,0.001078516,0.029767041,0.016824849,0.001078516,0.04529767,0,0.01078516,0.019628991,0.012079379,0.0090595341,0.01488352,0.11798965,0.0051768766,0.022217429,0.033433995,0,0
1989-George-Bush,0.046516659,0.042405885,0.01384682,0.021419299,0,0.0012981393,0,0,0.0069234098,0.041756815,0.0075724794,0.0051925573,0.030722631,0.0025962787,0.007788836,0.016875811,0.0045434877,0.014712246,0.021202942,0.085677196,0.00064906967,0.030506274,0.02574643,0.0051925573,0.0054089139
1990-George-Bush,0.017236662,0.039124487,0.00875513,0.016142271,0.0013679891,0.00054719562,0,0.0041039672,0,0.037209302,0.022161423,0,0.058823529,0.0013679891,0.0079343365,0.0024623803,0,0.0046511628,0.021340629,0.10670315,0.0038303694,0.022435021,0.044322845,0,0
1991-George-Bush,0.025574113,0.042536534,0.011743215,0.021398747,0,0,0,0,0.014352818,0.036795407,0.034707724,0.000782881,0.072546973,0.0033924843,0.015135699,0.0083507307,0,0.0065240084,0.022964509,0.065240084,0,0.019311065,0.035751566,0.00026096033,0
1992-George-Bush,0.024570025,0.050573301,0.0053235053,0.027027027,0.0016380016,0,0.0032760033,0,0.0088042588,0.036855037,0.011261261,0,0.028665029,0.0094185094,0.0049140049,0.013718264,0,0,0.01044226,0.10012285,0.0045045045,0.023341523,0.033579034,0.0002047502,0.0071662572
1993-William-J-Clinton,0.030519577,0.06937621,0.0035730237,0.012803335,0,0,0.0044662796,0,0.0052106595,0.054190859,0,0.0049129075,0.040345392,0.0050617835,0,0.0049129075,0,0.010421319,0.0040196516,0.1016823,0.0034241477,0.015185351,0.015185351,0,0.013249963
1994-William-J-Clinton,0.014005602,0.10868347,0.0018207283,0.019607843,0,0.0015406162,0.00014005602,0,0.0022408964,0.066946779,0.006302521,0,0.03697479,0,0.0015406162,0.010784314,0,0.0072829132,0.02394958,0.093277311,0,0.012605042,0.012044818,0,0
1995-William-J-Clinton,0.0094040335,0.095286653,0.0033990483,0.026285973,0,0.00011330161,0.0010197145,0,0.0032857467,0.037956039,0,0.003172445,0.031837752,0.0057783821,0.002605937,0.0083843191,0.00022660322,0.0039655563,0.021753909,0.08871516,0.0036256515,0.017108543,0.011556764,0,0.010083843
1996-William-J-Clinton,0.01495235,0.10992442,0,0.027440026,0,0.0004929346,0,0.00016431153,0.0057509037,0.046335853,0.00098586921,0.0023003615,0.033519553,0,0,0.017909957,0.00032862307,0.009530069,0.019553073,0.10959579,0,0.018567203,0.0088728229,0,0.0027932961
1997-William-J-Clinton,0.0079828063,0.13340497,0.0053730427,0.02901443,0,0.00061406202,0.00015351551,0.0053730427,0.0041449186,0.050353086,0.0018421861,0.0010746085,0.035615597,0.0010746085,0.0041449186,0.0018421861,0,0.0085968683,0.034233958,0.088271415,0,0.012895302,0.012895302,0.00030703101,0
1998-William-J-Clinton,0.0088761632,0.12526843,0.0070150322,0.024481031,0.0020042949,0.0031496063,0,0,0.00085898354,0.049248389,0.0034359341,0,0.035361489,0.0032927702,0.0034359341,0.0077308518,0.0050107373,0.011596278,0.021617752,0.092197566,0,0.025340014,0.011882606,0.00071581961,0
1999-William-J-Clinton,0.020839122,0.13684357,0.010141706,0.015698805,0,0,0,0.00027785496,0.0061128091,0.05348708,0,0,0.029591553,0.003195332,0.0025006946,0.012364546,0.0029174771,0.0075020839,0.024590164,0.083495415,0,0.01986663,0.010141706,0.0022228397,0.0044456794
2000-William-J-Clinton,0.017438503,0.12276244,0.0056588521,0.018708858,0,0,0.0016168149,0.0011548678,0,0.053008431,0.001039381,0.0023097355,0.03187435,0.00011548678,0.0016168149,0.0047349578,0,0.010855757,0.031296917,0.091811988,0.00011548678,0.019863726,0.011202217,0.00057743388,0.0015013281
